SET SQL_MODE = "NO_AUTO_VALUE_ON_ZERO";
SET AUTOCOMMIT = 0;
START TRANSACTION;
SET time_zone = "+00:00";

/*!40101 SET @OLD_CHARACTER_SET_CLIENT=@@CHARACTER_SET_CLIENT */;
/*!40101 SET @OLD_CHARACTER_SET_RESULTS=@@CHARACTER_SET_RESULTS */;
/*!40101 SET @OLD_COLLATION_CONNECTION=@@COLLATION_CONNECTION */;
/*!40101 SET NAMES utf8mb4 */;


CREATE TABLE `anomalie` (
  `ID_anomalia` int(11) NOT NULL,
  `descrizione` text NOT NULL,
  `sensore` int(11) NOT NULL,
  `intervento` int(11) NOT NULL,
  `data_segnalazione` timestamp NOT NULL DEFAULT current_timestamp(),
  `stato` enum('inserito','in corso','risolto','non risolvibile') NOT NULL DEFAULT 'inserito'
) ENGINE=InnoDB DEFAULT CHARSET=utf8mb4;

INSERT INTO `anomalie` (`ID_anomalia`, `descrizione`, `sensore`, `intervento`, `data_segnalazione`, `stato`) VALUES
(1, 'Rilevate letture instabili', 1, 1, '2020-08-30 09:24:11', 'inserito'),
(2, 'Controllo manuale per rinnovo del certificato di sicurezza', 3, 2, '2020-08-30 09:32:37', 'risolto'),
(3, 'Potenza generata inferiore a quella stimata, controllare lo stato dei cuscinetti.', 2, 3, '2020-08-30 11:24:19', 'in corso');

CREATE TABLE `attuatori_impianto` (
  `ID_attuatore_impianto` int(11) NOT NULL,
  `impianto` int(11) NOT NULL,
  `tipologia` int(11) NOT NULL,
  `data_installazione` timestamp NOT NULL DEFAULT current_timestamp()
) ENGINE=InnoDB DEFAULT CHARSET=utf8mb4;

INSERT INTO `attuatori_impianto` (`ID_attuatore_impianto`, `impianto`, `tipologia`, `data_installazione`) VALUES
(1, 1, 1, '2020-08-30 08:22:33'),
(2, 2, 1, '2020-08-30 11:26:19'),
(3, 3, 1, '2020-08-30 07:25:29');

CREATE TABLE `badge` (
  `ID` int(11) NOT NULL,
  `ID_utente` int(11) NOT NULL,
  `ID_impianto` int(11) NOT NULL,
  `data_rilevazione` timestamp NOT NULL DEFAULT current_timestamp()
) ENGINE=InnoDB DEFAULT CHARSET=utf8mb4;

INSERT INTO `badge` (`ID`, `ID_utente`, `ID_impianto`, `data_rilevazione`) VALUES
(1, 3, 3, '2020-08-30 14:21:16'),
(2, 3, 3, '2020-08-30 15:47:04'),
(3, 4, 2, '2020-08-30 15:10:27');

CREATE TABLE `comuni` (
  `sigla_comune` char(2) NOT NULL,
  `nome_comune` char(21) NOT NULL,
  `nome_regione` enum('Sicilia','Piemonte','Marche','Valle d''Aosta','Abruzzo','Toscana','Campania','Puglia','Lombardia','Veneto','Emilia-Romagna','Trentino-Alto Adige','Sardegna','Molise','Calabria','Lazio','Liguria','Friuli-Venezia Giulia','Basilicata','Umbria','Stato Estero') NOT NULL
) ENGINE=InnoDB DEFAULT CHARSET=utf8mb4;

INSERT INTO `comuni` (`sigla_comune`, `nome_comune`, `nome_regione`) VALUES
('AG', 'Agrigento', 'Sicilia'),
('AL', 'Alessandria', 'Piemonte'),
('AN', 'ANCONA', 'Marche'),
('AO', 'AOSTA', 'Valle d\'Aosta'),
('AP', 'Ascoli Piceno', 'Marche'),
('AQ', 'L\'AQUILA', 'Abruzzo'),
('AR', 'Arezzo', 'Toscana'),
('AT', 'Asti', 'Piemonte'),
('AV', 'Avellino', 'Campania'),
('BA', 'BARI', 'Puglia'),
('BG', 'Bergamo', 'Lombardia'),
('BI', 'Biella', 'Piemonte'),
('BL', 'Belluno', 'Veneto'),
('BN', 'Benevento', 'Campania'),
('BO', 'BOLOGNA', 'Emilia-Romagna'),
('BR', 'Brindisi', 'Puglia'),
('BS', 'Brescia', 'Lombardia'),
('BT', 'Barletta-Andria-Trani', 'Puglia'),
('BZ', 'Bolzano', 'Trentino-Alto Adige'),
('CA', 'CAGLIARI', 'Sardegna'),
('CB', 'CAMPOBASSO', 'Molise'),
('CE', 'Caserta', 'Campania'),
('CH', 'Chieti', 'Abruzzo'),
('CL', 'Caltanissetta', 'Sicilia'),
('CN', 'Cuneo', 'Piemonte'),
('CO', 'Como', 'Lombardia'),
('CR', 'Cremona', 'Lombardia'),
('CS', 'Cosenza', 'Calabria'),
('CT', 'Catania', 'Sicilia'),
('CZ', 'CATANZARO', 'Calabria'),
('EE', 'Stato Estero', 'Stato Estero'),
('EN', 'Enna', 'Sicilia'),
('FC', 'Forli\'-Cesena', 'Emilia-Romagna'),
('FE', 'Ferrara', 'Emilia-Romagna'),
('FG', 'Foggia', 'Puglia'),
('FI', 'FIRENZE', 'Toscana'),
('FM', 'Fermo', 'Marche'),
('FR', 'Frosinone', 'Lazio'),
('GE', 'GENOVA', 'Liguria'),
('GO', 'Gorizia', 'Friuli-Venezia Giulia'),
('GR', 'Grosseto', 'Toscana'),
('IM', 'Imperia', 'Liguria'),
('IS', 'Isernia', 'Molise'),
('KR', 'Crotone', 'Calabria'),
('LC', 'Lecco', 'Lombardia'),
('LE', 'Lecce', 'Puglia'),
('LI', 'Livorno', 'Toscana'),
('LO', 'Lodi', 'Lombardia'),
('LT', 'Latina', 'Lazio'),
('LU', 'Lucca', 'Toscana'),
('MB', 'Monza', 'Lombardia'),
('MC', 'Macerata', 'Marche'),
('ME', 'Messina', 'Sicilia'),
('MI', 'MILANO', 'Lombardia'),
('MN', 'Mantova', 'Lombardia'),
('MO', 'Modena', 'Emilia-Romagna'),
('MS', 'Massa', 'Toscana'),
('MT', 'Matera', 'Basilicata'),
('NA', 'NAPOLI', 'Campania'),
('NO', 'Novara', 'Piemonte'),
('NU', 'Nuoro', 'Sardegna'),
('OR', 'Oristano', 'Sardegna'),
('PA', 'PALERMO', 'Sicilia'),
('PC', 'Piacenza', 'Emilia-Romagna'),
('PD', 'Padova', 'Veneto'),
('PE', 'Pescara', 'Abruzzo'),
('PG', 'PERUGIA', 'Umbria'),
('PI', 'Pisa', 'Toscana'),
('PN', 'Pordenone', 'Friuli-Venezia Giulia'),
('PO', 'Prato', 'Toscana'),
('PR', 'Parma', 'Emilia-Romagna'),
('PT', 'Pistoia', 'Toscana'),
('PU', 'Pesaro e Urbino', 'Marche'),
('PV', 'Pavia', 'Lombardia'),
('PZ', 'POTENZA', 'Basilicata'),
('RA', 'Ravenna', 'Emilia-Romagna'),
('RC', 'Reggio Calabria', 'Calabria'),
('RE', 'Reggio Emilia', 'Emilia-Romagna'),
('RG', 'Ragusa', 'Sicilia'),
('RI', 'Rieti', 'Lazio'),
('RM', 'ROMA', 'Lazio'),
('RN', 'Rimini', 'Emilia-Romagna'),
('RO', 'Rovigo', 'Veneto'),
('SA', 'Salerno', 'Campania'),
('SI', 'Siena', 'Toscana'),
('SO', 'Sondrio', 'Lombardia'),
('SP', 'La Spezia', 'Liguria'),
('SR', 'Siracusa', 'Sicilia'),
('SS', 'Sassari', 'Sardegna'),
('SU', 'Carbonia', 'Sardegna'),
('SV', 'Savona', 'Liguria'),
('TA', 'Taranto', 'Puglia'),
('TE', 'Teramo', 'Abruzzo'),
('TN', 'TRENTO', 'Trentino-Alto Adige'),
('TO', 'TORINO', 'Piemonte'),
('TP', 'Trapani', 'Sicilia'),
('TR', 'Terni', 'Umbria'),
('TS', 'TRIESTE', 'Friuli-Venezia Giulia'),
('TV', 'Treviso', 'Veneto'),
('UD', 'Udine', 'Friuli-Venezia Giulia'),
('VA', 'Varese', 'Lombardia'),
('VB', 'Verbania', 'Piemonte'),
('VC', 'Vercelli', 'Piemonte'),
('VE', 'VENEZIA', 'Veneto'),
('VI', 'Vicenza', 'Veneto'),
('VR', 'Verona', 'Veneto'),
('VT', 'Viterbo', 'Lazio'),
('VV', 'Vibo Valentia', 'Calabria');

CREATE TABLE `impianti` (
  `ID_impianto` int(11) NOT NULL,
  `nome` varchar(32) NOT NULL,
  `descrizione` text NOT NULL,
  `latitudine` decimal(10,7) NOT NULL,
  `longitudine` decimal(10,7) NOT NULL,
  `comune` char(2) NOT NULL,
  `intervallo_standard` int(11) NOT NULL DEFAULT 300 COMMENT 'espresso in secondi',
  `intervallo_anomalia` int(11) NOT NULL DEFAULT 30 COMMENT 'espresso in secondi'
) ENGINE=InnoDB DEFAULT CHARSET=utf8mb4;

INSERT INTO `impianti` (`ID_impianto`, `nome`, `descrizione`, `latitudine`, `longitudine`, `comune`, `intervallo_standard`, `intervallo_anomalia`) VALUES
(1, 'Torre eolica 1', 'Parco eolico di Acerno', '40.7290693', '15.0412281', 'SA', 60, 5),
(2, 'Torre eolica 2', 'Parco eolico di Acerno', '40.7290774', '15.0434007', 'SA', 60, 5),
(3, 'Torre eolica 3', 'Parco eolico di Acerno', '40.7273212', '15.0410296', 'SA', 60, 5);

CREATE TABLE `impianti_assegnati` (
  `ID_utente` int(11) NOT NULL,
  `ID_impianto` int(11) NOT NULL,
  `permesso_scrittura` tinyint(1) NOT NULL DEFAULT 0
) ENGINE=InnoDB DEFAULT CHARSET=utf8mb4;

INSERT INTO `impianti_assegnati` (`ID_utente`, `ID_impianto`, `permesso_scrittura`) VALUES
(2, 1, 1),
(2, 2, 1),
(2, 3, 1);

CREATE TABLE `interventi` (
  `ID_intervento` int(11) NOT NULL,
  `data_inserimento` timestamp NOT NULL DEFAULT current_timestamp(),
  `data_inizio` timestamp NULL DEFAULT NULL,
  `data_fine` timestamp NULL DEFAULT NULL,
  `stato` enum('inserito','in corso','risolto','non risolvibile') NOT NULL DEFAULT 'inserito'
) ENGINE=InnoDB DEFAULT CHARSET=utf8mb4;

INSERT INTO `interventi` (`ID_intervento`, `data_inserimento`, `data_inizio`, `data_fine`, `stato`) VALUES
(1, '2020-08-30 09:24:11', NULL, NULL, 'inserito'),
(2, '2020-08-30 09:32:37', '2020-08-30 14:22:48', '2020-08-30 15:44:22', 'risolto'),
(3, '2020-08-30 11:24:19', '2020-08-30 15:11:42', NULL, 'in corso');

CREATE TABLE `letture` (
  `ID_lettura` int(11) NOT NULL,
  `sensore` int(11) NOT NULL,
  `valore` double NOT NULL,
  `data_inserimento` timestamp NOT NULL DEFAULT current_timestamp()
) ENGINE=InnoDB DEFAULT CHARSET=utf8mb4;

INSERT INTO `letture` (`ID_lettura`, `sensore`, `valore`, `data_inserimento`) VALUES
(1, 1, 24.27605807, '2020-08-31 15:00:00'),
(2, 1, 23.91354404, '2020-08-31 15:01:00'),
(3, 1, 49.40494551, '2020-08-31 15:02:00'),
(4, 1, 28.68386373, '2020-08-31 15:03:00'),
(5, 1, 31.02802216, '2020-08-31 15:04:00'),
(6, 1, 54.27247384, '2020-08-31 15:05:00'),
(7, 1, 54.6543934, '2020-08-31 15:06:00'),
(8, 1, 47.06270591, '2020-08-31 15:07:00'),
(9, 1, 49.72654864, '2020-08-31 15:08:00'),
(10, 1, 53.24419826, '2020-08-31 15:09:00'),
(11, 1, 56.8313964, '2020-08-31 15:10:00'),
(12, 1, 31.25994714, '2020-08-31 15:11:00'),
(13, 1, 39.54027733, '2020-08-31 15:12:00'),
(14, 1, 51.93443395, '2020-08-31 15:13:00'),
(15, 1, 52.54574418, '2020-08-31 15:14:00'),
(16, 1, 35.00767532, '2020-08-31 15:15:00'),
(17, 1, 39.51055356, '2020-08-31 15:16:00'),
(18, 1, 36.04731907, '2020-08-31 15:17:00'),
(19, 1, 44.55711234, '2020-08-31 15:18:00'),
(20, 1, 59.86340104, '2020-08-31 15:19:00'),
(21, 1, 51.22924586, '2020-08-31 15:20:00'),
(22, 1, 35.52032874, '2020-08-31 15:21:00'),
(23, 1, 49.86774556, '2020-08-31 15:22:00'),
(24, 1, 59.04702943, '2020-08-31 15:23:00'),
(25, 1, 41.07870823, '2020-08-31 15:24:00'),
(26, 1, 39.88418233, '2020-08-31 15:25:00'),
(27, 1, 45.79939177, '2020-08-31 15:26:00'),
(28, 1, 43.61069476, '2020-08-31 15:27:00'),
(29, 1, 53.31037978, '2020-08-31 15:28:00'),
(30, 1, 38.04391586, '2020-08-31 15:29:00'),
(31, 1, 35.8990261, '2020-08-31 15:30:00'),
(32, 1, 44.63303284, '2020-08-31 15:31:00'),
(33, 1, 46.22577025, '2020-08-31 15:32:00'),
(34, 1, 33.92389848, '2020-08-31 15:33:00'),
(35, 1, 41.77832084, '2020-08-31 15:34:00'),
(36, 1, 47.60428659, '2020-08-31 15:35:00'),
(37, 1, 54.56409978, '2020-08-31 15:36:00'),
(38, 1, 43.30538359, '2020-08-31 15:37:00'),
(39, 1, 57.05213425, '2020-08-31 15:38:00'),
(40, 1, 49.63639984, '2020-08-31 15:39:00'),
(41, 1, 37.26005575, '2020-08-31 15:40:00'),
(42, 1, 41.82176605, '2020-08-31 15:41:00'),
(43, 1, 47.48843271, '2020-08-31 15:42:00'),
(44, 1, 53.37113066, '2020-08-31 15:43:00'),
(45, 1, 57.10209623, '2020-08-31 15:44:00'),
(46, 1, 47.74327504, '2020-08-31 15:45:00'),
(47, 1, 32.5258318, '2020-08-31 15:46:00'),
(48, 1, 46.26175736, '2020-08-31 15:47:00'),
(49, 1, 55.93548387, '2020-08-31 15:48:00'),
(50, 1, 33.63495167, '2020-08-31 15:49:00'),
(51, 1, 31.4215271, '2020-08-31 15:50:00'),
(52, 1, 52.28069223, '2020-08-31 15:51:00'),
(53, 1, 43.04246769, '2020-08-31 15:52:00'),
(54, 1, 37.79689367, '2020-08-31 15:53:00'),
(55, 1, 27.55399877, '2020-08-31 15:54:00'),
(56, 1, 24.36548278, '2020-08-31 15:55:00'),
(57, 1, 50.33351435, '2020-08-31 15:56:00'),
(58, 1, 52.22609609, '2020-08-31 15:57:00'),
(59, 1, 49.21060063, '2020-08-31 15:58:00'),
(60, 1, 31.46482749, '2020-08-31 15:59:00'),
(61, 1, 47.63480685, '2020-08-31 16:00:00'),
(62, 1, 44.87361066, '2020-08-31 16:01:00'),
(63, 1, 28.12921328, '2020-08-31 16:02:00'),
(64, 1, 43.54194272, '2020-08-31 16:03:00'),
(65, 1, 49.9006553, '2020-08-31 16:04:00'),
(66, 1, 40.25911444, '2020-08-31 16:05:00'),
(67, 1, 56.65652945, '2020-08-31 16:06:00'),
(68, 1, 36.94833641, '2020-08-31 16:07:00'),
(69, 1, 53.27736143, '2020-08-31 16:08:00'),
(70, 1, 28.5075486, '2020-08-31 16:09:00'),
(71, 1, 30.62220774, '2020-08-31 16:10:00'),
(72, 1, 43.80703088, '2020-08-31 16:11:00'),
(73, 1, 52.89240071, '2020-08-31 16:12:00'),
(74, 1, 29.89558669, '2020-08-31 16:13:00'),
(75, 1, 54.80616198, '2020-08-31 16:14:00'),
(76, 1, 29.73762717, '2020-08-31 16:15:00'),
(77, 1, 50.57528692, '2020-08-31 16:16:00'),
(78, 1, 34.28492813, '2020-08-31 16:17:00'),
(79, 1, 34.9557583, '2020-08-31 16:18:00'),
(80, 1, 47.75395532, '2020-08-31 16:19:00'),
(81, 1, 40.63611021, '2020-08-31 16:20:00'),
(82, 1, 39.4983527, '2020-08-31 16:21:00'),
(83, 1, 26.23934687, '2020-08-31 16:22:00'),
(84, 1, 33.03385106, '2020-08-31 16:23:00'),
(85, 1, 54.86756453, '2020-08-31 16:24:00'),
(86, 1, 54.73219652, '2020-08-31 16:25:00'),
(87, 1, 40.75536729, '2020-08-31 16:26:00'),
(88, 1, 49.78690127, '2020-08-31 16:27:00'),
(89, 1, 50.02642917, '2020-08-31 16:28:00'),
(90, 1, 37.30817132, '2020-08-31 16:29:00'),
(91, 1, 45.46135187, '2020-08-31 16:30:00'),
(92, 1, 38.63256218, '2020-08-31 16:31:00'),
(93, 1, 50.84747113, '2020-08-31 16:32:00'),
(94, 1, 36.09358821, '2020-08-31 16:33:00'),
(95, 1, 53.31175555, '2020-08-31 16:34:00'),
(96, 1, 36.47550777, '2020-08-31 16:35:00'),
(97, 1, 27.57152167, '2020-08-31 16:36:00'),
(98, 1, 32.49527533, '2020-08-31 16:37:00'),
(99, 1, 43.34734441, '2020-08-31 16:38:00'),
(100, 1, 27.06552985, '2020-08-31 16:39:00'),
(101, 1, 29.93718548, '2020-08-31 16:40:00'),
(102, 1, 32.90058289, '2020-08-31 16:41:00'),
(103, 1, 41.68628942, '2020-08-31 16:42:00'),
(104, 1, 39.46287245, '2020-08-31 16:43:00'),
(105, 1, 47.36345534, '2020-08-31 16:44:00'),
(106, 1, 28.26881721, '2020-08-31 16:45:00'),
(107, 1, 31.21215742, '2020-08-31 16:46:00'),
(108, 1, 49.31769306, '2020-08-31 16:47:00'),
(109, 1, 45.5183737, '2020-08-31 16:48:00'),
(110, 1, 33.77980522, '2020-08-31 16:49:00'),
(111, 1, 43.94315919, '2020-08-31 16:50:00'),
(112, 1, 37.90760653, '2020-08-31 16:51:00'),
(113, 1, 47.86437855, '2020-08-31 16:52:00'),
(114, 1, 54.91108215, '2020-08-31 16:53:00'),
(115, 1, 45.00289635, '2020-08-31 16:54:00'),
(116, 1, 46.9699142, '2020-08-31 16:55:00'),
(117, 1, 38.93099453, '2020-08-31 16:56:00'),
(118, 1, 38.65164187, '2020-08-31 16:57:00'),
(119, 1, 34.1402556, '2020-08-31 16:58:00'),
(120, 1, 26.45653669, '2020-08-31 16:59:00'),
(121, 1, 36.80402592, '2020-08-31 17:00:00'),
(122, 1, 51.16396944, '2020-08-31 17:01:00'),
(123, 1, 53.49154629, '2020-08-31 17:02:00'),
(124, 1, 37.61927519, '2020-08-31 17:03:00'),
(125, 1, 45.69486985, '2020-08-31 17:04:00'),
(126, 1, 48.63277941, '2020-08-31 17:05:00'),
(127, 1, 44.711198, '2020-08-31 17:06:00'),
(128, 1, 34.75413635, '2020-08-31 17:07:00'),
(129, 1, 25.93714927, '2020-08-31 17:08:00'),
(130, 1, 45.32913363, '2020-08-31 17:09:00'),
(131, 1, 40.84497303, '2020-08-31 17:10:00'),
(132, 1, 36.23916585, '2020-08-31 17:11:00'),
(133, 1, 30.72137142, '2020-08-31 17:12:00'),
(134, 1, 17.40197676, '2020-08-31 17:13:00'),
(135, 1, 21.30932986, '2020-08-31 17:14:00'),
(136, 1, 15.30502154, '2020-08-31 17:15:00'),
(137, 1, 36.3530647, '2020-08-31 17:16:00'),
(138, 1, 37.28985192, '2020-08-31 17:17:00'),
(139, 1, 30.28724521, '2020-08-31 17:18:00'),
(140, 1, 24.4315919, '2020-08-31 17:19:00'),
(141, 1, 36.52108903, '2020-08-31 17:20:00'),
(142, 1, 22.68118461, '2020-08-31 17:21:00'),
(143, 1, 41.92187104, '2020-08-31 17:22:00'),
(144, 1, 29.15531661, '2020-08-31 17:23:00'),
(145, 1, 17.31530357, '2020-08-31 17:24:00'),
(146, 1, 24.4891206, '2020-08-31 17:25:00'),
(147, 1, 35.59469244, '2020-08-31 17:26:00'),
(148, 1, 19.78921835, '2020-08-31 17:27:00'),
(149, 1, 21.15763368, '2020-08-31 17:28:00'),
(150, 1, 17.55284023, '2020-08-31 17:29:00'),
(151, 1, 33.94337642, '2020-08-31 17:30:00'),
(152, 1, 44.32077043, '2020-08-31 17:31:00'),
(153, 1, 20.59751638, '2020-08-31 17:32:00'),
(154, 1, 27.9173455, '2020-08-31 17:33:00'),
(155, 1, 45.24933927, '2020-08-31 17:34:00'),
(156, 1, 48.75587415, '2020-08-31 17:35:00'),
(157, 1, 32.31001774, '2020-08-31 17:36:00'),
(158, 1, 27.8405561, '2020-08-31 17:37:00'),
(159, 1, 48.49143767, '2020-08-31 17:38:00'),
(160, 1, 24.07830998, '2020-08-31 17:39:00'),
(161, 1, 34.64490786, '2020-08-31 17:40:00'),
(162, 1, 38.22182397, '2020-08-31 17:41:00'),
(163, 1, 31.94149379, '2020-08-31 17:42:00'),
(164, 1, 41.68429818, '2020-08-31 17:43:00'),
(165, 1, 47.372253, '2020-08-31 17:44:00'),
(166, 1, 45.07552225, '2020-08-31 17:45:00'),
(167, 1, 27.60377973, '2020-08-31 17:46:00'),
(168, 1, 45.06393686, '2020-08-31 17:47:00'),
(169, 1, 41.64983165, '2020-08-31 17:48:00'),
(170, 1, 51.98899388, '2020-08-31 17:49:00'),
(171, 1, 48.16744506, '2020-08-31 17:50:00'),
(172, 1, 39.4799247, '2020-08-31 17:51:00'),
(173, 1, 47.65591398, '2020-08-31 17:52:00'),
(174, 1, 40.61058615, '2020-08-31 17:53:00'),
(175, 1, 36.64259078, '2020-08-31 17:54:00'),
(176, 1, 51.74363709, '2020-08-31 17:55:00'),
(177, 1, 56.73165345, '2020-08-31 17:56:00'),
(178, 1, 45.77017487, '2020-08-31 17:57:00'),
(179, 1, 40.78244814, '2020-08-31 17:58:00'),
(180, 1, 43.68639803, '2020-08-31 17:59:00'),
(181, 1, 57.7613048, '2020-08-31 18:00:00'),
(182, 2, 26.27605807, '2020-08-31 15:00:00'),
(183, 2, 24.91354404, '2020-08-31 15:01:00'),
(184, 2, 39.40494551, '2020-08-31 15:02:00'),
(185, 2, 23.68386373, '2020-08-31 15:03:00'),
(186, 2, 29.02802216, '2020-08-31 15:04:00'),
(187, 2, 42.27247384, '2020-08-31 15:05:00'),
(188, 2, 28.6543934, '2020-08-31 15:06:00'),
(189, 2, 49.06270591, '2020-08-31 15:07:00'),
(190, 2, 36.72654864, '2020-08-31 15:08:00'),
(191, 2, 55.24419826, '2020-08-31 15:09:00'),
(192, 2, 32.8313964, '2020-08-31 15:10:00'),
(193, 2, 53.25994714, '2020-08-31 15:11:00'),
(194, 2, 37.54027733, '2020-08-31 15:12:00'),
(195, 2, 29.93443395, '2020-08-31 15:13:00'),
(196, 2, 31.54574418, '2020-08-31 15:14:00'),
(197, 2, 32.00767532, '2020-08-31 15:15:00'),
(198, 2, 38.51055356, '2020-08-31 15:16:00'),
(199, 2, 48.04731907, '2020-08-31 15:17:00'),
(200, 2, 44.55711234, '2020-08-31 15:18:00'),
(201, 2, 52.86340104, '2020-08-31 15:19:00'),
(202, 2, 50.22924586, '2020-08-31 15:20:00'),
(203, 2, 56.52032874, '2020-08-31 15:21:00'),
(204, 2, 52.86774556, '2020-08-31 15:22:00'),
(205, 2, 47.04702943, '2020-08-31 15:23:00'),
(206, 2, 36.07870823, '2020-08-31 15:24:00'),
(207, 2, 55.88418233, '2020-08-31 15:25:00'),
(208, 2, 53.79939177, '2020-08-31 15:26:00'),
(209, 2, 49.61069476, '2020-08-31 15:27:00'),
(210, 2, 42.31037978, '2020-08-31 15:28:00'),
(211, 2, 43.04391586, '2020-08-31 15:29:00'),
(212, 2, 39.8990261, '2020-08-31 15:30:00'),
(213, 2, 31.63303284, '2020-08-31 15:31:00'),
(214, 2, 36.22577025, '2020-08-31 15:32:00'),
(215, 2, 53.92389848, '2020-08-31 15:33:00'),
(216, 2, 41.77832084, '2020-08-31 15:34:00'),
(217, 2, 33.60428659, '2020-08-31 15:35:00'),
(218, 2, 38.56409978, '2020-08-31 15:36:00'),
(219, 2, 51.30538359, '2020-08-31 15:37:00'),
(220, 2, 57.05213425, '2020-08-31 15:38:00'),
(221, 2, 49.63639984, '2020-08-31 15:39:00'),
(222, 2, 42.26005575, '2020-08-31 15:40:00'),
(223, 2, 39.82176605, '2020-08-31 15:41:00'),
(224, 2, 33.48843271, '2020-08-31 15:42:00'),
(225, 2, 48.37113066, '2020-08-31 15:43:00'),
(226, 2, 37.10209623, '2020-08-31 15:44:00'),
(227, 2, 34.74327504, '2020-08-31 15:45:00'),
(228, 2, 48.5258318, '2020-08-31 15:46:00'),
(229, 2, 46.26175736, '2020-08-31 15:47:00'),
(230, 2, 38.93548387, '2020-08-31 15:48:00'),
(231, 2, 42.63495167, '2020-08-31 15:49:00'),
(232, 2, 48.4215271, '2020-08-31 15:50:00'),
(233, 2, 49.28069223, '2020-08-31 15:51:00'),
(234, 2, 30.04246769, '2020-08-31 15:52:00'),
(235, 2, 31.79689367, '2020-08-31 15:53:00'),
(236, 2, 49.55399877, '2020-08-31 15:54:00'),
(237, 2, 27.36548278, '2020-08-31 15:55:00'),
(238, 2, 34.33351435, '2020-08-31 15:56:00'),
(239, 2, 32.22609609, '2020-08-31 15:57:00'),
(240, 2, 33.21060063, '2020-08-31 15:58:00'),
(241, 2, 44.46482749, '2020-08-31 15:59:00'),
(242, 2, 52.63480685, '2020-08-31 16:00:00'),
(243, 2, 28.87361066, '2020-08-31 16:01:00'),
(244, 2, 45.12921328, '2020-08-31 16:02:00'),
(245, 2, 53.54194272, '2020-08-31 16:03:00'),
(246, 2, 27.9006553, '2020-08-31 16:04:00'),
(247, 2, 48.25911444, '2020-08-31 16:05:00'),
(248, 2, 28.65652945, '2020-08-31 16:06:00'),
(249, 2, 48.94833641, '2020-08-31 16:07:00'),
(250, 2, 34.27736143, '2020-08-31 16:08:00'),
(251, 2, 42.5075486, '2020-08-31 16:09:00'),
(252, 2, 30.62220774, '2020-08-31 16:10:00'),
(253, 2, 29.80703088, '2020-08-31 16:11:00'),
(254, 2, 36.89240071, '2020-08-31 16:12:00'),
(255, 2, 54.89558669, '2020-08-31 16:13:00'),
(256, 2, 39.80616198, '2020-08-31 16:14:00'),
(257, 2, 35.73762717, '2020-08-31 16:15:00'),
(258, 2, 37.57528692, '2020-08-31 16:16:00'),
(259, 2, 31.28492813, '2020-08-31 16:17:00'),
(260, 2, 44.9557583, '2020-08-31 16:18:00'),
(261, 2, 43.75395532, '2020-08-31 16:19:00'),
(262, 2, 29.63611021, '2020-08-31 16:20:00'),
(263, 2, 40.4983527, '2020-08-31 16:21:00'),
(264, 2, 32.23934687, '2020-08-31 16:22:00'),
(265, 2, 37.03385106, '2020-08-31 16:23:00'),
(266, 2, 51.86756453, '2020-08-31 16:24:00'),
(267, 2, 33.73219652, '2020-08-31 16:25:00'),
(268, 2, 26.75536729, '2020-08-31 16:26:00'),
(269, 2, 31.78690127, '2020-08-31 16:27:00'),
(270, 2, 28.02642917, '2020-08-31 16:28:00'),
(271, 2, 51.30817132, '2020-08-31 16:29:00'),
(272, 2, 49.46135187, '2020-08-31 16:30:00'),
(273, 2, 53.63256218, '2020-08-31 16:31:00'),
(274, 2, 29.84747113, '2020-08-31 16:32:00'),
(275, 2, 55.09358821, '2020-08-31 16:33:00'),
(276, 2, 29.31175555, '2020-08-31 16:34:00'),
(277, 2, 31.47550777, '2020-08-31 16:35:00'),
(278, 2, 33.57152167, '2020-08-31 16:36:00'),
(279, 2, 35.49527533, '2020-08-31 16:37:00'),
(280, 2, 33.34734441, '2020-08-31 16:38:00'),
(281, 2, 46.06552985, '2020-08-31 16:39:00'),
(282, 2, 29.93718548, '2020-08-31 16:40:00'),
(283, 2, 41.90058289, '2020-08-31 16:41:00'),
(284, 2, 37.68628942, '2020-08-31 16:42:00'),
(285, 2, 50.46287245, '2020-08-31 16:43:00'),
(286, 2, 51.36345534, '2020-08-31 16:44:00'),
(287, 2, 43.26881721, '2020-08-31 16:45:00'),
(288, 2, 30.21215742, '2020-08-31 16:46:00'),
(289, 2, 33.31769306, '2020-08-31 16:47:00'),
(290, 2, 38.5183737, '2020-08-31 16:48:00'),
(291, 2, 32.77980522, '2020-08-31 16:49:00'),
(292, 2, 50.94315919, '2020-08-31 16:50:00'),
(293, 2, 51.90760653, '2020-08-31 16:51:00'),
(294, 2, 45.86437855, '2020-08-31 16:52:00'),
(295, 2, 45.91108215, '2020-08-31 16:53:00'),
(296, 2, 46.00289635, '2020-08-31 16:54:00'),
(297, 2, 36.9699142, '2020-08-31 16:55:00'),
(298, 2, 38.93099453, '2020-08-31 16:56:00'),
(299, 2, 26.65164187, '2020-08-31 16:57:00'),
(300, 2, 47.1402556, '2020-08-31 16:58:00'),
(301, 2, 49.45653669, '2020-08-31 16:59:00'),
(302, 2, 25.80402592, '2020-08-31 17:00:00'),
(303, 2, 46.16396944, '2020-08-31 17:01:00'),
(304, 2, 45.49154629, '2020-08-31 17:02:00'),
(305, 2, 49.61927519, '2020-08-31 17:03:00'),
(306, 2, 27.69486985, '2020-08-31 17:04:00'),
(307, 2, 43.63277941, '2020-08-31 17:05:00'),
(308, 2, 38.711198, '2020-08-31 17:06:00'),
(309, 2, 41.75413635, '2020-08-31 17:07:00'),
(310, 2, 44.93714927, '2020-08-31 17:08:00'),
(311, 2, 43.32913363, '2020-08-31 17:09:00'),
(312, 2, 37.84497303, '2020-08-31 17:10:00'),
(313, 2, 25.23916585, '2020-08-31 17:11:00'),
(314, 2, 41.72137142, '2020-08-31 17:12:00'),
(315, 2, 19.40197676, '2020-08-31 17:13:00'),
(316, 2, 35.30932986, '2020-08-31 17:14:00'),
(317, 2, 24.30502154, '2020-08-31 17:15:00'),
(318, 2, 29.3530647, '2020-08-31 17:16:00'),
(319, 2, 41.28985192, '2020-08-31 17:17:00'),
(320, 2, 30.28724521, '2020-08-31 17:18:00'),
(321, 2, 45.4315919, '2020-08-31 17:19:00'),
(322, 2, 32.52108903, '2020-08-31 17:20:00'),
(323, 2, 29.68118461, '2020-08-31 17:21:00'),
(324, 2, 27.92187104, '2020-08-31 17:22:00'),
(325, 2, 46.15531661, '2020-08-31 17:23:00'),
(326, 2, 23.31530357, '2020-08-31 17:24:00'),
(327, 2, 22.4891206, '2020-08-31 17:25:00'),
(328, 2, 45.59469244, '2020-08-31 17:26:00'),
(329, 2, 28.78921835, '2020-08-31 17:27:00'),
(330, 2, 23.15763368, '2020-08-31 17:28:00'),
(331, 2, 31.55284023, '2020-08-31 17:29:00'),
(332, 2, 31.94337642, '2020-08-31 17:30:00'),
(333, 2, 47.32077043, '2020-08-31 17:31:00'),
(334, 2, 18.59751638, '2020-08-31 17:32:00'),
(335, 2, 26.9173455, '2020-08-31 17:33:00'),
(336, 2, 35.24933927, '2020-08-31 17:34:00'),
(337, 2, 46.75587415, '2020-08-31 17:35:00'),
(338, 2, 44.31001774, '2020-08-31 17:36:00'),
(339, 2, 31.8405561, '2020-08-31 17:37:00'),
(340, 2, 41.49143767, '2020-08-31 17:38:00'),
(341, 2, 28.07830998, '2020-08-31 17:39:00'),
(342, 2, 24.64490786, '2020-08-31 17:40:00'),
(343, 2, 35.22182397, '2020-08-31 17:41:00'),
(344, 2, 29.94149379, '2020-08-31 17:42:00'),
(345, 2, 43.68429818, '2020-08-31 17:43:00'),
(346, 2, 40.372253, '2020-08-31 17:44:00'),
(347, 2, 31.07552225, '2020-08-31 17:45:00'),
(348, 2, 48.60377973, '2020-08-31 17:46:00'),
(349, 2, 48.06393686, '2020-08-31 17:47:00'),
(350, 2, 55.64983165, '2020-08-31 17:48:00'),
(351, 2, 45.98899388, '2020-08-31 17:49:00'),
(352, 2, 36.16744506, '2020-08-31 17:50:00'),
(353, 2, 32.4799247, '2020-08-31 17:51:00'),
(354, 2, 36.65591398, '2020-08-31 17:52:00'),
(355, 2, 37.61058615, '2020-08-31 17:53:00'),
(356, 2, 38.64259078, '2020-08-31 17:54:00'),
(357, 2, 51.74363709, '2020-08-31 17:55:00'),
(358, 2, 54.73165345, '2020-08-31 17:56:00'),
(359, 2, 52.77017487, '2020-08-31 17:57:00'),
(360, 2, 55.78244814, '2020-08-31 17:58:00'),
(361, 2, 54.68639803, '2020-08-31 17:59:00'),
(362, 2, 45.7613048, '2020-08-31 18:00:00'),
(363, 3, 26.27605807, '2020-08-31 15:00:00'),
(364, 3, 48.91354404, '2020-08-31 15:01:00'),
(365, 3, 39.40494551, '2020-08-31 15:02:00'),
(366, 3, 28.68386373, '2020-08-31 15:03:00'),
(367, 3, 43.02802216, '2020-08-31 15:04:00'),
(368, 3, 32.27247384, '2020-08-31 15:05:00'),
(369, 3, 39.6543934, '2020-08-31 15:06:00'),
(370, 3, 52.06270591, '2020-08-31 15:07:00'),
(371, 3, 31.72654864, '2020-08-31 15:08:00'),
(372, 3, 27.24419826, '2020-08-31 15:09:00'),
(373, 3, 44.8313964, '2020-08-31 15:10:00'),
(374, 3, 49.25994714, '2020-08-31 15:11:00'),
(375, 3, 47.54027733, '2020-08-31 15:12:00'),
(376, 3, 49.93443395, '2020-08-31 15:13:00'),
(377, 3, 58.54574418, '2020-08-31 15:14:00'),
(378, 3, 44.00767532, '2020-08-31 15:15:00'),
(379, 3, 39.51055356, '2020-08-31 15:16:00'),
(380, 3, 59.04731907, '2020-08-31 15:17:00'),
(381, 3, 53.55711234, '2020-08-31 15:18:00'),
(382, 3, 48.86340104, '2020-08-31 15:19:00'),
(383, 3, 58.22924586, '2020-08-31 15:20:00'),
(384, 3, 50.52032874, '2020-08-31 15:21:00'),
(385, 3, 53.86774556, '2020-08-31 15:22:00'),
(386, 3, 38.04702943, '2020-08-31 15:23:00'),
(387, 3, 42.07870823, '2020-08-31 15:24:00'),
(388, 3, 59.88418233, '2020-08-31 15:25:00'),
(389, 3, 38.79939177, '2020-08-31 15:26:00'),
(390, 3, 55.61069476, '2020-08-31 15:27:00'),
(391, 3, 43.31037978, '2020-08-31 15:28:00'),
(392, 3, 42.04391586, '2020-08-31 15:29:00'),
(393, 3, 39.8990261, '2020-08-31 15:30:00'),
(394, 3, 37.63303284, '2020-08-31 15:31:00'),
(395, 3, 38.22577025, '2020-08-31 15:32:00'),
(396, 3, 34.92389848, '2020-08-31 15:33:00'),
(397, 3, 33.77832084, '2020-08-31 15:34:00'),
(398, 3, 55.60428659, '2020-08-31 15:35:00'),
(399, 3, 52.56409978, '2020-08-31 15:36:00'),
(400, 3, 31.30538359, '2020-08-31 15:37:00'),
(401, 3, 52.05213425, '2020-08-31 15:38:00'),
(402, 3, 49.63639984, '2020-08-31 15:39:00'),
(403, 3, 55.26005575, '2020-08-31 15:40:00'),
(404, 3, 46.82176605, '2020-08-31 15:41:00'),
(405, 3, 47.48843271, '2020-08-31 15:42:00'),
(406, 3, 44.37113066, '2020-08-31 15:43:00'),
(407, 3, 37.10209623, '2020-08-31 15:44:00'),
(408, 3, 28.74327504, '2020-08-31 15:45:00'),
(409, 3, 54.5258318, '2020-08-31 15:46:00'),
(410, 3, 30.26175736, '2020-08-31 15:47:00'),
(411, 3, 50.93548387, '2020-08-31 15:48:00'),
(412, 3, 38.63495167, '2020-08-31 15:49:00'),
(413, 3, 29.4215271, '2020-08-31 15:50:00'),
(414, 3, 25.28069223, '2020-08-31 15:51:00'),
(415, 3, 50.04246769, '2020-08-31 15:52:00'),
(416, 3, 36.79689367, '2020-08-31 15:53:00'),
(417, 3, 45.55399877, '2020-08-31 15:54:00'),
(418, 3, 27.36548278, '2020-08-31 15:55:00'),
(419, 3, 51.33351435, '2020-08-31 15:56:00'),
(420, 3, 27.22609609, '2020-08-31 15:57:00'),
(421, 3, 53.21060063, '2020-08-31 15:58:00'),
(422, 3, 45.46482749, '2020-08-31 15:59:00'),
(423, 3, 32.63480685, '2020-08-31 16:00:00'),
(424, 3, 46.87361066, '2020-08-31 16:01:00'),
(425, 3, 50.12921328, '2020-08-31 16:02:00'),
(426, 3, 25.54194272, '2020-08-31 16:03:00'),
(427, 3, 34.9006553, '2020-08-31 16:04:00'),
(428, 3, 42.25911444, '2020-08-31 16:05:00'),
(429, 3, 31.65652945, '2020-08-31 16:06:00'),
(430, 3, 43.94833641, '2020-08-31 16:07:00'),
(431, 3, 44.27736143, '2020-08-31 16:08:00'),
(432, 3, 52.5075486, '2020-08-31 16:09:00'),
(433, 3, 43.62220774, '2020-08-31 16:10:00'),
(434, 3, 27.80703088, '2020-08-31 16:11:00'),
(435, 3, 51.89240071, '2020-08-31 16:12:00'),
(436, 3, 40.89558669, '2020-08-31 16:13:00'),
(437, 3, 47.80616198, '2020-08-31 16:14:00'),
(438, 3, 37.73762717, '2020-08-31 16:15:00'),
(439, 3, 54.57528692, '2020-08-31 16:16:00'),
(440, 3, 48.28492813, '2020-08-31 16:17:00'),
(441, 3, 54.9557583, '2020-08-31 16:18:00'),
(442, 3, 56.75395532, '2020-08-31 16:19:00'),
(443, 3, 34.63611021, '2020-08-31 16:20:00'),
(444, 3, 44.4983527, '2020-08-31 16:21:00'),
(445, 3, 34.23934687, '2020-08-31 16:22:00'),
(446, 3, 49.03385106, '2020-08-31 16:23:00'),
(447, 3, 39.86756453, '2020-08-31 16:24:00'),
(448, 3, 48.73219652, '2020-08-31 16:25:00'),
(449, 3, 42.75536729, '2020-08-31 16:26:00'),
(450, 3, 25.78690127, '2020-08-31 16:27:00'),
(451, 3, 51.02642917, '2020-08-31 16:28:00'),
(452, 3, 46.30817132, '2020-08-31 16:29:00'),
(453, 3, 52.46135187, '2020-08-31 16:30:00'),
(454, 3, 28.63256218, '2020-08-31 16:31:00'),
(455, 3, 32.84747113, '2020-08-31 16:32:00'),
(456, 3, 39.09358821, '2020-08-31 16:33:00'),
(457, 3, 57.31175555, '2020-08-31 16:34:00'),
(458, 3, 27.47550777, '2020-08-31 16:35:00'),
(459, 3, 43.57152167, '2020-08-31 16:36:00'),
(460, 3, 40.49527533, '2020-08-31 16:37:00'),
(461, 3, 34.34734441, '2020-08-31 16:38:00'),
(462, 3, 28.06552985, '2020-08-31 16:39:00'),
(463, 3, 26.93718548, '2020-08-31 16:40:00'),
(464, 3, 35.90058289, '2020-08-31 16:41:00'),
(465, 3, 43.68628942, '2020-08-31 16:42:00'),
(466, 3, 44.46287245, '2020-08-31 16:43:00'),
(467, 3, 45.36345534, '2020-08-31 16:44:00'),
(468, 3, 46.26881721, '2020-08-31 16:45:00'),
(469, 3, 33.21215742, '2020-08-31 16:46:00'),
(470, 3, 46.31769306, '2020-08-31 16:47:00'),
(471, 3, 34.5183737, '2020-08-31 16:48:00'),
(472, 3, 40.77980522, '2020-08-31 16:49:00'),
(473, 3, 49.94315919, '2020-08-31 16:50:00'),
(474, 3, 47.90760653, '2020-08-31 16:51:00'),
(475, 3, 41.86437855, '2020-08-31 16:52:00'),
(476, 3, 37.91108215, '2020-08-31 16:53:00'),
(477, 3, 52.00289635, '2020-08-31 16:54:00'),
(478, 3, 38.9699142, '2020-08-31 16:55:00'),
(479, 3, 42.93099453, '2020-08-31 16:56:00'),
(480, 3, 52.65164187, '2020-08-31 16:57:00'),
(481, 3, 30.1402556, '2020-08-31 16:58:00'),
(482, 3, 29.45653669, '2020-08-31 16:59:00'),
(483, 3, 29.80402592, '2020-08-31 17:00:00'),
(484, 3, 26.16396944, '2020-08-31 17:01:00'),
(485, 3, 44.49154629, '2020-08-31 17:02:00'),
(486, 3, 48.61927519, '2020-08-31 17:03:00'),
(487, 3, 41.69486985, '2020-08-31 17:04:00'),
(488, 3, 20.63277941, '2020-08-31 17:05:00'),
(489, 3, 39.711198, '2020-08-31 17:06:00'),
(490, 3, 48.75413635, '2020-08-31 17:07:00'),
(491, 3, 39.93714927, '2020-08-31 17:08:00'),
(492, 3, 38.32913363, '2020-08-31 17:09:00'),
(493, 3, 33.84497303, '2020-08-31 17:10:00'),
(494, 3, 38.23916585, '2020-08-31 17:11:00'),
(495, 3, 30.72137142, '2020-08-31 17:12:00'),
(496, 3, 17.40197676, '2020-08-31 17:13:00'),
(497, 3, 42.30932986, '2020-08-31 17:14:00'),
(498, 3, 22.30502154, '2020-08-31 17:15:00'),
(499, 3, 34.3530647, '2020-08-31 17:16:00'),
(500, 3, 45.28985192, '2020-08-31 17:17:00'),
(501, 3, 30.28724521, '2020-08-31 17:18:00'),
(502, 3, 21.4315919, '2020-08-31 17:19:00'),
(503, 3, 22.52108903, '2020-08-31 17:20:00'),
(504, 3, 25.68118461, '2020-08-31 17:21:00'),
(505, 3, 23.92187104, '2020-08-31 17:22:00'),
(506, 3, 25.15531661, '2020-08-31 17:23:00'),
(507, 3, 31.31530357, '2020-08-31 17:24:00'),
(508, 3, 34.4891206, '2020-08-31 17:25:00'),
(509, 3, 40.59469244, '2020-08-31 17:26:00'),
(510, 3, 17.78921835, '2020-08-31 17:27:00'),
(511, 3, 44.15763368, '2020-08-31 17:28:00'),
(512, 3, 43.55284023, '2020-08-31 17:29:00'),
(513, 3, 33.94337642, '2020-08-31 17:30:00'),
(514, 3, 34.32077043, '2020-08-31 17:31:00'),
(515, 3, 33.59751638, '2020-08-31 17:32:00'),
(516, 3, 45.9173455, '2020-08-31 17:33:00'),
(517, 3, 21.24933927, '2020-08-31 17:34:00'),
(518, 3, 25.75587415, '2020-08-31 17:35:00'),
(519, 3, 20.31001774, '2020-08-31 17:36:00'),
(520, 3, 26.8405561, '2020-08-31 17:37:00'),
(521, 3, 35.49143767, '2020-08-31 17:38:00'),
(522, 3, 34.07830998, '2020-08-31 17:39:00'),
(523, 3, 23.64490786, '2020-08-31 17:40:00'),
(524, 3, 36.22182397, '2020-08-31 17:41:00'),
(525, 3, 50.94149379, '2020-08-31 17:42:00'),
(526, 3, 50.68429818, '2020-08-31 17:43:00'),
(527, 3, 34.372253, '2020-08-31 17:44:00'),
(528, 3, 38.07552225, '2020-08-31 17:45:00'),
(529, 3, 28.60377973, '2020-08-31 17:46:00'),
(530, 3, 34.06393686, '2020-08-31 17:47:00'),
(531, 3, 51.64983165, '2020-08-31 17:48:00'),
(532, 3, 32.98899388, '2020-08-31 17:49:00'),
(533, 3, 50.16744506, '2020-08-31 17:50:00'),
(534, 3, 58.4799247, '2020-08-31 17:51:00'),
(535, 3, 52.65591398, '2020-08-31 17:52:00'),
(536, 3, 39.61058615, '2020-08-31 17:53:00'),
(537, 3, 31.64259078, '2020-08-31 17:54:00'),
(538, 3, 28.74363709, '2020-08-31 17:55:00'),
(539, 3, 53.73165345, '2020-08-31 17:56:00'),
(540, 3, 39.77017487, '2020-08-31 17:57:00'),
(541, 3, 38.78244814, '2020-08-31 17:58:00'),
(542, 3, 49.68639803, '2020-08-31 17:59:00'),
(543, 3, 48.7613048, '2020-08-31 18:00:00');

CREATE TABLE `operazioni` (
  `ID_operazione` int(11) NOT NULL,
  `attuatore` int(11) NOT NULL,
  `valore` double NOT NULL,
  `data_inserimento` timestamp NOT NULL DEFAULT current_timestamp(),
  `conferma_lettura` tinyint(1) NOT NULL DEFAULT 0
) ENGINE=InnoDB DEFAULT CHARSET=utf8mb4;

INSERT INTO `operazioni` (`ID_operazione`, `attuatore`, `valore`, `data_inserimento`, `conferma_lettura`) VALUES
(1, 1, 500, '2020-08-30 17:34:59', 1),
(2, 1, 700, '2020-08-30 17:37:53', 0),
(3, 2, 435, '2020-08-30 17:27:38', 0),
(4, 3, 542, '2020-08-30 18:34:16', 1);

CREATE TABLE `sensori_impianto` (
  `ID_sensore_impianto` int(11) NOT NULL,
  `impianto` int(11) NOT NULL,
  `tipologia` int(11) NOT NULL,
  `data_installazione` timestamp NOT NULL DEFAULT current_timestamp()
) ENGINE=InnoDB DEFAULT CHARSET=utf8mb4;

INSERT INTO `sensori_impianto` (`ID_sensore_impianto`, `impianto`, `tipologia`, `data_installazione`) VALUES
(1, 1, 1, '2020-08-30 12:33:27'),
(2, 2, 1, '2020-08-30 07:34:17'),
(3, 3, 1, '2020-08-30 09:32:21');

CREATE TABLE `sessioni_attive` (
  `token` char(128) NOT NULL,
  `ID_utente` int(11) NOT NULL,
  `data_login` timestamp NOT NULL DEFAULT current_timestamp(),
  `data_ultima_operazione` timestamp NOT NULL DEFAULT current_timestamp()
) ENGINE=InnoDB DEFAULT CHARSET=utf8mb4;

CREATE TABLE `tecnici_intervento` (
  `ID_tecnico_intervento` int(11) NOT NULL,
  `utente` int(11) NOT NULL,
  `intervento` int(11) DEFAULT NULL
) ENGINE=InnoDB DEFAULT CHARSET=utf8mb4;

INSERT INTO `tecnici_intervento` (`ID_tecnico_intervento`, `utente`, `intervento`) VALUES
(2, 3, 1),
(3, 3, 2),
(1, 4, 1),
(4, 4, 3);

CREATE TABLE `tipologie_attuatori` (
  `ID_tipologia_attuatore` int(11) NOT NULL,
  `produttore` varchar(32) NOT NULL,
  `modello` varchar(32) NOT NULL,
  `descrizione` text NOT NULL,
  `tipo_valore` enum('int','float') NOT NULL,
  `valore_min` double NOT NULL,
  `valore_max` double NOT NULL,
  `unita_misura` varchar(16) NOT NULL
) ENGINE=InnoDB DEFAULT CHARSET=utf8mb4;

INSERT INTO `tipologie_attuatori` (`ID_tipologia_attuatore`, `produttore`, `modello`, `descrizione`, `tipo_valore`, `valore_min`, `valore_max`, `unita_misura`) VALUES
(1, 'ACME Inc', 'RS200DC', 'Freno a disco idraulico con controllo digitale della forza frenante', 'float', 0, 1000, 'kgf');

CREATE TABLE `tipologie_sensori` (
  `ID_tipologia_sensore` int(11) NOT NULL,
  `produttore` varchar(32) NOT NULL,
  `modello` varchar(32) NOT NULL,
  `descrizione` text NOT NULL,
  `valore_min` double NOT NULL,
  `valore_max` double NOT NULL,
  `unita_misura` varchar(16) NOT NULL,
  `unita_misura_integrale` varchar(16) DEFAULT NULL,
  `coeff_integrale` double NOT NULL DEFAULT 1
) ENGINE=InnoDB DEFAULT CHARSET=utf8mb4;

INSERT INTO `tipologie_sensori` (`ID_tipologia_sensore`, `produttore`, `modello`, `descrizione`, `valore_min`, `valore_max`, `unita_misura`, `unita_misura_integrale`, `coeff_integrale`) VALUES
(1, 'ACME Inc', 'DDM60HD', 'Misuratore di potenza elettrica generata', 0, 60, 'kW', 'kWh', 0.0002777777777778);

CREATE TABLE `utenti` (
  `ID_utente` int(11) NOT NULL,
  `tipologia` enum('amministratore','dipendente','tecnico','monitor') NOT NULL,
  `email` varchar(256) DEFAULT NULL,
  `username` varchar(32) NOT NULL,
  `password` varchar(128) NOT NULL,
  `nome_cognome` varchar(64) DEFAULT NULL,
  `stato_account` enum('disattivato','attivo') NOT NULL DEFAULT 'attivo',
  `comune` char(2) NOT NULL
) ENGINE=InnoDB DEFAULT CHARSET=utf8mb4;

INSERT INTO `utenti` (`ID_utente`, `tipologia`, `email`, `username`, `password`, `nome_cognome`, `stato_account`, `comune`) VALUES
(1, 'amministratore', 'admin@swbd.local', 'admin', '$2a$12$uYSotpuCqBEh5DCH9G1PHubbdBjKim/TfcO0rJr9jSo3Vu6pEa4oe', 'Administrator', 'attivo', 'NA'),
(2, 'dipendente', 'dipendente@swbd.local', 'dipendente', '$2a$12$zGEuDX7IlTOXs4kEQ3rPL.gs4/VuaC77yX55NbGPy0le5rxu3NIdK', 'Dipendente', 'attivo', 'NA'),
(3, 'tecnico', 'tecnico1@swbd.local', 'tecnico1', '$2a$12$OSuiteecXKE38halv6Cr4..48MeEQaajDo8VOiHrE0x/XIRomKnsG', 'Tecnico 1', 'attivo', 'NA'),
(4, 'tecnico', 'tecnico2@swbd.local', 'tecnico2', '$2a$12$oVQ8sflb.uvk/gUsdhZmcOYTNXYB1/CusnWio5qF8ndOgtMMq1NPq', 'Tecnico 2', 'attivo', 'NA');


ALTER TABLE `anomalie`
  ADD PRIMARY KEY (`ID_anomalia`),
  ADD KEY `intervento` (`intervento`),
  ADD KEY `sensore` (`sensore`);

ALTER TABLE `attuatori_impianto`
  ADD PRIMARY KEY (`ID_attuatore_impianto`),
  ADD KEY `tipologia` (`tipologia`),
  ADD KEY `impianto` (`impianto`);

ALTER TABLE `badge`
  ADD PRIMARY KEY (`ID`),
  ADD KEY `ID_utente` (`ID_utente`),
  ADD KEY `ID_impianto` (`ID_impianto`);

ALTER TABLE `comuni`
  ADD PRIMARY KEY (`sigla_comune`);

ALTER TABLE `impianti`
  ADD PRIMARY KEY (`ID_impianto`),
  ADD KEY `comune` (`comune`);

ALTER TABLE `impianti_assegnati`
  ADD PRIMARY KEY (`ID_utente`,`ID_impianto`),
  ADD KEY `ID_impianto` (`ID_impianto`);

ALTER TABLE `interventi`
  ADD PRIMARY KEY (`ID_intervento`);

ALTER TABLE `letture`
  ADD PRIMARY KEY (`ID_lettura`),
  ADD KEY `sensore` (`sensore`);

ALTER TABLE `operazioni`
  ADD PRIMARY KEY (`ID_operazione`),
  ADD KEY `attuatore` (`attuatore`);

ALTER TABLE `sensori_impianto`
  ADD PRIMARY KEY (`ID_sensore_impianto`),
  ADD KEY `tipologia` (`tipologia`),
  ADD KEY `impianto` (`impianto`);

ALTER TABLE `sessioni_attive`
  ADD PRIMARY KEY (`token`),
  ADD KEY `ID_utente` (`ID_utente`);

ALTER TABLE `tecnici_intervento`
  ADD PRIMARY KEY (`ID_tecnico_intervento`),
  ADD UNIQUE KEY `utente_intervento` (`utente`,`intervento`),
  ADD KEY `intervento` (`intervento`);

ALTER TABLE `tipologie_attuatori`
  ADD PRIMARY KEY (`ID_tipologia_attuatore`);

ALTER TABLE `tipologie_sensori`
  ADD PRIMARY KEY (`ID_tipologia_sensore`);

ALTER TABLE `utenti`
  ADD PRIMARY KEY (`ID_utente`),
  ADD KEY `comune` (`comune`);


ALTER TABLE `anomalie`
  MODIFY `ID_anomalia` int(11) NOT NULL AUTO_INCREMENT, AUTO_INCREMENT=4;

ALTER TABLE `attuatori_impianto`
  MODIFY `ID_attuatore_impianto` int(11) NOT NULL AUTO_INCREMENT, AUTO_INCREMENT=4;

ALTER TABLE `badge`
  MODIFY `ID` int(11) NOT NULL AUTO_INCREMENT, AUTO_INCREMENT=4;

ALTER TABLE `impianti`
  MODIFY `ID_impianto` int(11) NOT NULL AUTO_INCREMENT, AUTO_INCREMENT=4;

ALTER TABLE `interventi`
  MODIFY `ID_intervento` int(11) NOT NULL AUTO_INCREMENT, AUTO_INCREMENT=4;

ALTER TABLE `letture`
  MODIFY `ID_lettura` int(11) NOT NULL AUTO_INCREMENT, AUTO_INCREMENT=544;

ALTER TABLE `operazioni`
  MODIFY `ID_operazione` int(11) NOT NULL AUTO_INCREMENT, AUTO_INCREMENT=5;

ALTER TABLE `sensori_impianto`
  MODIFY `ID_sensore_impianto` int(11) NOT NULL AUTO_INCREMENT, AUTO_INCREMENT=4;

ALTER TABLE `tecnici_intervento`
  MODIFY `ID_tecnico_intervento` int(11) NOT NULL AUTO_INCREMENT, AUTO_INCREMENT=5;

ALTER TABLE `tipologie_attuatori`
  MODIFY `ID_tipologia_attuatore` int(11) NOT NULL AUTO_INCREMENT, AUTO_INCREMENT=2;

ALTER TABLE `tipologie_sensori`
  MODIFY `ID_tipologia_sensore` int(11) NOT NULL AUTO_INCREMENT, AUTO_INCREMENT=2;

ALTER TABLE `utenti`
  MODIFY `ID_utente` int(11) NOT NULL AUTO_INCREMENT, AUTO_INCREMENT=5;


ALTER TABLE `anomalie`
  ADD CONSTRAINT `anomalie_ibfk_2` FOREIGN KEY (`intervento`) REFERENCES `interventi` (`ID_intervento`) ON DELETE CASCADE,
  ADD CONSTRAINT `anomalie_ibfk_4` FOREIGN KEY (`sensore`) REFERENCES `sensori_impianto` (`ID_sensore_impianto`) ON DELETE CASCADE;

ALTER TABLE `attuatori_impianto`
  ADD CONSTRAINT `attuatori_impianto_ibfk_1` FOREIGN KEY (`tipologia`) REFERENCES `tipologie_attuatori` (`ID_tipologia_attuatore`),
  ADD CONSTRAINT `attuatori_impianto_ibfk_2` FOREIGN KEY (`impianto`) REFERENCES `impianti` (`ID_impianto`) ON DELETE CASCADE;

ALTER TABLE `badge`
  ADD CONSTRAINT `badge_ibfk_1` FOREIGN KEY (`ID_utente`) REFERENCES `utenti` (`ID_utente`) ON DELETE CASCADE,
  ADD CONSTRAINT `badge_ibfk_2` FOREIGN KEY (`ID_impianto`) REFERENCES `impianti` (`ID_impianto`) ON DELETE CASCADE;

ALTER TABLE `impianti`
  ADD CONSTRAINT `impianti_ibfk_1` FOREIGN KEY (`comune`) REFERENCES `comuni` (`sigla_comune`);

ALTER TABLE `impianti_assegnati`
  ADD CONSTRAINT `impianti_assegnati_ibfk_1` FOREIGN KEY (`ID_utente`) REFERENCES `utenti` (`ID_utente`) ON DELETE CASCADE,
  ADD CONSTRAINT `impianti_assegnati_ibfk_2` FOREIGN KEY (`ID_impianto`) REFERENCES `impianti` (`ID_impianto`) ON DELETE CASCADE;

ALTER TABLE `letture`
  ADD CONSTRAINT `letture_ibfk_1` FOREIGN KEY (`sensore`) REFERENCES `sensori_impianto` (`ID_sensore_impianto`) ON DELETE CASCADE;

ALTER TABLE `operazioni`
  ADD CONSTRAINT `operazioni_ibfk_1` FOREIGN KEY (`attuatore`) REFERENCES `attuatori_impianto` (`ID_attuatore_impianto`) ON DELETE CASCADE;

ALTER TABLE `sensori_impianto`
  ADD CONSTRAINT `sensori_impianto_ibfk_1` FOREIGN KEY (`tipologia`) REFERENCES `tipologie_sensori` (`ID_tipologia_sensore`),
  ADD CONSTRAINT `sensori_impianto_ibfk_2` FOREIGN KEY (`impianto`) REFERENCES `impianti` (`ID_impianto`) ON DELETE CASCADE;

ALTER TABLE `sessioni_attive`
  ADD CONSTRAINT `sessioni_attive_ibfk_1` FOREIGN KEY (`ID_utente`) REFERENCES `utenti` (`ID_utente`) ON DELETE CASCADE;

ALTER TABLE `tecnici_intervento`
  ADD CONSTRAINT `tecnici_intervento_ibfk_1` FOREIGN KEY (`utente`) REFERENCES `utenti` (`ID_utente`) ON DELETE CASCADE,
  ADD CONSTRAINT `tecnici_intervento_ibfk_2` FOREIGN KEY (`intervento`) REFERENCES `interventi` (`ID_intervento`) ON DELETE SET NULL;

ALTER TABLE `utenti`
  ADD CONSTRAINT `utenti_ibfk_2` FOREIGN KEY (`comune`) REFERENCES `comuni` (`sigla_comune`);
COMMIT;

/*!40101 SET CHARACTER_SET_CLIENT=@OLD_CHARACTER_SET_CLIENT */;
/*!40101 SET CHARACTER_SET_RESULTS=@OLD_CHARACTER_SET_RESULTS */;
/*!40101 SET COLLATION_CONNECTION=@OLD_COLLATION_CONNECTION */;
